002785bc-efcc-46f5-b8d1-0857a0971ba4,Marc,#1906cc,xd
002785bc-efcc-46f5-b8d1-0857a0971ba4,Marc,#1906cc,Soy marc sanchez
002785bc-efcc-46f5-b8d1-0857a0971ba4,Marc,#1906cc,y soy gilipollas
002785bc-efcc-46f5-b8d1-0857a0971ba4,Marc,#1906cc,wquiv
e1d6c866-a586-41f9-9cf7-92f7d32843a0,Anonymous,#1906cc,Ahhh
e1d6c866-a586-41f9-9cf7-92f7d32843a0,Anonymous,#1906cc,yo soy anonimo
e1d6c866-a586-41f9-9cf7-92f7d32843a0,equis,#1906cc,ekisde
e1d6c866-a586-41f9-9cf7-92f7d32843a0,equis,#1906cc,ekiki de
e1d6c866-a586-41f9-9cf7-92f7d32843a0,equis,#1906cc,ay ay ay aya ya ya yayayayaya
e1d6c866-a586-41f9-9cf7-92f7d32843a0,equis,#1906cc,:::::::::::::::::::D
e1d6c866-a586-41f9-9cf7-92f7d32843a0,equis,#1906cc,Hola, fernanndoo
e1d6c866-a586-41f9-9cf7-92f7d32843a0,equis,#1906cc,
e1d6c866-a586-41f9-9cf7-92f7d32843a0,equis,#1906cc,d
e1d6c866-a586-41f9-9cf7-92f7d32843a0,equis,#1906cc,d
e1d6c866-a586-41f9-9cf7-92f7d32843a0,equis,#1906cc,d
e1d6c866-a586-41f9-9cf7-92f7d32843a0,equis,#1906cc,d
e1d6c866-a586-41f9-9cf7-92f7d32843a0,equis,#1906cc,d
e1d6c866-a586-41f9-9cf7-92f7d32843a0,equis,#1906cc,d
e1d6c866-a586-41f9-9cf7-92f7d32843a0,equis,#1906cc,d
e1d6c866-a586-41f9-9cf7-92f7d32843a0,equis,#1906cc,d
e1d6c866-a586-41f9-9cf7-92f7d32843a0,equis,#1906cc,d
e1d6c866-a586-41f9-9cf7-92f7d32843a0,equis,#1906cc,d
e1d6c866-a586-41f9-9cf7-92f7d32843a0,equis,#1906cc,d
e1d6c866-a586-41f9-9cf7-92f7d32843a0,equis,#1906cc,d
e1d6c866-a586-41f9-9cf7-92f7d32843a0,equis,#1906cc,dd
e1d6c866-a586-41f9-9cf7-92f7d32843a0,equis,#1906cc,d
e1d6c866-a586-41f9-9cf7-92f7d32843a0,equis,#1906cc,d
e1d6c866-a586-41f9-9cf7-92f7d32843a0,equis,#1906cc,d
e1d6c866-a586-41f9-9cf7-92f7d32843a0,equis,#1906cc,d
e1d6c866-a586-41f9-9cf7-92f7d32843a0,equis,#1906cc,D
e1d6c866-a586-41f9-9cf7-92f7d32843a0,equis,#1906cc,D
e1d6c866-a586-41f9-9cf7-92f7d32843a0,equis,#1906cc,D
e1d6c866-a586-41f9-9cf7-92f7d32843a0,equis,#1906cc,D
e1d6c866-a586-41f9-9cf7-92f7d32843a0,equis,#1906cc,D
e1d6c866-a586-41f9-9cf7-92f7d32843a0,equis,#1906cc,D
e1d6c866-a586-41f9-9cf7-92f7d32843a0,equis,#1906cc,D
e1d6c866-a586-41f9-9cf7-92f7d32843a0,equis,#1906cc,D
e1d6c866-a586-41f9-9cf7-92f7d32843a0,equis,#1906cc,D
e1d6c866-a586-41f9-9cf7-92f7d32843a0,equis,#1906cc,D
e1d6c866-a586-41f9-9cf7-92f7d32843a0,equis,#1906cc,DD
e1d6c866-a586-41f9-9cf7-92f7d32843a0,equis,#1906cc,
e1d6c866-a586-41f9-9cf7-92f7d32843a0,equis,#1906cc,D
e1d6c866-a586-41f9-9cf7-92f7d32843a0,equis,#1906cc,D
e1d6c866-a586-41f9-9cf7-92f7d32843a0,equis,#1906cc,D
e1d6c866-a586-41f9-9cf7-92f7d32843a0,equis,#1906cc,D
e1d6c866-a586-41f9-9cf7-92f7d32843a0,equis,#1906cc,D
e1d6c866-a586-41f9-9cf7-92f7d32843a0,equis,#1906cc,D
e1d6c866-a586-41f9-9cf7-92f7d32843a0,equis,#1906cc,D
e1d6c866-a586-41f9-9cf7-92f7d32843a0,equis,#1906cc,D
e1d6c866-a586-41f9-9cf7-92f7d32843a0,equis,#1906cc,D
e1d6c866-a586-41f9-9cf7-92f7d32843a0,equis,#1906cc,
e1d6c866-a586-41f9-9cf7-92f7d32843a0,equis,#1906cc,D
e1d6c866-a586-41f9-9cf7-92f7d32843a0,equis,#1906cc,D
e1d6c866-a586-41f9-9cf7-92f7d32843a0,equis,#1906cc,D
e1d6c866-a586-41f9-9cf7-92f7d32843a0,equis,#1906cc,D
e1d6c866-a586-41f9-9cf7-92f7d32843a0,equis,#1906cc,D
e1d6c866-a586-41f9-9cf7-92f7d32843a0,equis,#1906cc,D
e1d6c866-a586-41f9-9cf7-92f7d32843a0,equis,#1906cc,D
e1d6c866-a586-41f9-9cf7-92f7d32843a0,equis,#1906cc,D
e1d6c866-a586-41f9-9cf7-92f7d32843a0,equis,#1906cc,D
e1d6c866-a586-41f9-9cf7-92f7d32843a0,equis,#1906cc,
e1d6c866-a586-41f9-9cf7-92f7d32843a0,equis,#1906cc,DD
e1d6c866-a586-41f9-9cf7-92f7d32843a0,equis,#1906cc,
e1d6c866-a586-41f9-9cf7-92f7d32843a0,equis,#1906cc,D
e1d6c866-a586-41f9-9cf7-92f7d32843a0,equis,#1906cc,D
e1d6c866-a586-41f9-9cf7-92f7d32843a0,equis,#1906cc,D
e1d6c866-a586-41f9-9cf7-92f7d32843a0,equis,#1906cc,D
e1d6c866-a586-41f9-9cf7-92f7d32843a0,equis,#1906cc,D
e1d6c866-a586-41f9-9cf7-92f7d32843a0,equis,#1906cc,D
e1d6c866-a586-41f9-9cf7-92f7d32843a0,equis,#1906cc,D
e1d6c866-a586-41f9-9cf7-92f7d32843a0,equis,#1906cc,DD
e1d6c866-a586-41f9-9cf7-92f7d32843a0,equis,#1906cc,D
e1d6c866-a586-41f9-9cf7-92f7d32843a0,equis,#1906cc,D
e1d6c866-a586-41f9-9cf7-92f7d32843a0,equis,#1906cc,D
e1d6c866-a586-41f9-9cf7-92f7d32843a0,equis,#1906cc,DD
e1d6c866-a586-41f9-9cf7-92f7d32843a0,equis,#1906cc,D
e1d6c866-a586-41f9-9cf7-92f7d32843a0,equis,#1906cc,D
e1d6c866-a586-41f9-9cf7-92f7d32843a0,equis,#1906cc,D
e1d6c866-a586-41f9-9cf7-92f7d32843a0,equis,#1906cc,
e1d6c866-a586-41f9-9cf7-92f7d32843a0,equis,#1906cc,DD
e1d6c866-a586-41f9-9cf7-92f7d32843a0,equis,#1906cc,
e1d6c866-a586-41f9-9cf7-92f7d32843a0,equis,#1906cc,D
e1d6c866-a586-41f9-9cf7-92f7d32843a0,equis,#1906cc,D
e1d6c866-a586-41f9-9cf7-92f7d32843a0,equis,#1906cc,D
e1d6c866-a586-41f9-9cf7-92f7d32843a0,equis,#1906cc,D
e1d6c866-a586-41f9-9cf7-92f7d32843a0,equis,#1906cc,D
e1d6c866-a586-41f9-9cf7-92f7d32843a0,equis,#1906cc,D
e1d6c866-a586-41f9-9cf7-92f7d32843a0,equis,#1906cc,
e1d6c866-a586-41f9-9cf7-92f7d32843a0,equis,#1906cc,D
e1d6c866-a586-41f9-9cf7-92f7d32843a0,equis,#1906cc,D
e1d6c866-a586-41f9-9cf7-92f7d32843a0,equis,#1906cc,DD
e1d6c866-a586-41f9-9cf7-92f7d32843a0,equis,#1906cc,
e1d6c866-a586-41f9-9cf7-92f7d32843a0,equis,#1906cc,D
e1d6c866-a586-41f9-9cf7-92f7d32843a0,equis,#1906cc,DD
e1d6c866-a586-41f9-9cf7-92f7d32843a0,equis,#1906cc,D
e1d6c866-a586-41f9-9cf7-92f7d32843a0,equis,#1906cc,D
e1d6c866-a586-41f9-9cf7-92f7d32843a0,equis,#1906cc,
e1d6c866-a586-41f9-9cf7-92f7d32843a0,equis,#1906cc,DD
e1d6c866-a586-41f9-9cf7-92f7d32843a0,equis,#1906cc,
e1d6c866-a586-41f9-9cf7-92f7d32843a0,equis,#1906cc,D
e1d6c866-a586-41f9-9cf7-92f7d32843a0,equis,#1906cc,D
e1d6c866-a586-41f9-9cf7-92f7d32843a0,equis,#1906cc,D
e1d6c866-a586-41f9-9cf7-92f7d32843a0,equis,#1906cc,D
e1d6c866-a586-41f9-9cf7-92f7d32843a0,equis,#1906cc,D
e1d6c866-a586-41f9-9cf7-92f7d32843a0,equis,#1906cc,D
e1d6c866-a586-41f9-9cf7-92f7d32843a0,equis,#1906cc,D
e1d6c866-a586-41f9-9cf7-92f7d32843a0,equis,#1906cc,D
e1d6c866-a586-41f9-9cf7-92f7d32843a0,equis,#1906cc,DD
e1d6c866-a586-41f9-9cf7-92f7d32843a0,equis,#1906cc,D
e1d6c866-a586-41f9-9cf7-92f7d32843a0,equis,#1906cc,
e1d6c866-a586-41f9-9cf7-92f7d32843a0,equis,#1906cc,D
e1d6c866-a586-41f9-9cf7-92f7d32843a0,equis,#1906cc,DD
e1d6c866-a586-41f9-9cf7-92f7d32843a0,equis,#1906cc,D
e1d6c866-a586-41f9-9cf7-92f7d32843a0,equis,#1906cc,
e1d6c866-a586-41f9-9cf7-92f7d32843a0,equis,#1906cc,D
e1d6c866-a586-41f9-9cf7-92f7d32843a0,equis,#1906cc,D
e1d6c866-a586-41f9-9cf7-92f7d32843a0,equis,#1906cc,D
e1d6c866-a586-41f9-9cf7-92f7d32843a0,equis,#1906cc,D
e1d6c866-a586-41f9-9cf7-92f7d32843a0,equis,#1906cc,D
e1d6c866-a586-41f9-9cf7-92f7d32843a0,equis,#1906cc,D
e1d6c866-a586-41f9-9cf7-92f7d32843a0,equis,#1906cc,D
e1d6c866-a586-41f9-9cf7-92f7d32843a0,equis,#1906cc,D
e1d6c866-a586-41f9-9cf7-92f7d32843a0,equis,#1906cc,D
e1d6c866-a586-41f9-9cf7-92f7d32843a0,equis,#1906cc,D
e1d6c866-a586-41f9-9cf7-92f7d32843a0,equis,#1906cc,D
e1d6c866-a586-41f9-9cf7-92f7d32843a0,equis,#1906cc,D
e1d6c866-a586-41f9-9cf7-92f7d32843a0,equis,#1906cc,D
e1d6c866-a586-41f9-9cf7-92f7d32843a0,equis,#1906cc,D
e1d6c866-a586-41f9-9cf7-92f7d32843a0,equis,#1906cc,D
e1d6c866-a586-41f9-9cf7-92f7d32843a0,equis,#1906cc,D
e1d6c866-a586-41f9-9cf7-92f7d32843a0,equis,#1906cc,D
e1d6c866-a586-41f9-9cf7-92f7d32843a0,equis,#1906cc,D
e1d6c866-a586-41f9-9cf7-92f7d32843a0,equis,#1906cc,D
e1d6c866-a586-41f9-9cf7-92f7d32843a0,equis,#1906cc,D
e1d6c866-a586-41f9-9cf7-92f7d32843a0,equis,#1906cc,
e1d6c866-a586-41f9-9cf7-92f7d32843a0,equis,#1906cc,D
e1d6c866-a586-41f9-9cf7-92f7d32843a0,equis,#1906cc,D
e1d6c866-a586-41f9-9cf7-92f7d32843a0,equis,#1906cc,D
e1d6c866-a586-41f9-9cf7-92f7d32843a0,equis,#1906cc,DDD
e1d6c866-a586-41f9-9cf7-92f7d32843a0,equis,#1906cc,D
e1d6c866-a586-41f9-9cf7-92f7d32843a0,equis,#1906cc,
e1d6c866-a586-41f9-9cf7-92f7d32843a0,equis,#1906cc,D
e1d6c866-a586-41f9-9cf7-92f7d32843a0,equis,#1906cc,D
e1d6c866-a586-41f9-9cf7-92f7d32843a0,equis,#1906cc,D
e1d6c866-a586-41f9-9cf7-92f7d32843a0,equis,#1906cc,D
e1d6c866-a586-41f9-9cf7-92f7d32843a0,equis,#1906cc,D
e1d6c866-a586-41f9-9cf7-92f7d32843a0,equis,#1906cc,D
e1d6c866-a586-41f9-9cf7-92f7d32843a0,equis,#1906cc,D
e1d6c866-a586-41f9-9cf7-92f7d32843a0,equis,#1906cc,D
e1d6c866-a586-41f9-9cf7-92f7d32843a0,equis,#1906cc,DD
e1d6c866-a586-41f9-9cf7-92f7d32843a0,equis,#1906cc,HHPOLA
e1d6c866-a586-41f9-9cf7-92f7d32843a0,equis,#1906cc,D
e1d6c866-a586-41f9-9cf7-92f7d32843a0,equis,#1906cc,D
e1d6c866-a586-41f9-9cf7-92f7d32843a0,equis,#1906cc,
e1d6c866-a586-41f9-9cf7-92f7d32843a0,equis,#1906cc,DD
e1d6c866-a586-41f9-9cf7-92f7d32843a0,equis,#1906cc,D
e1d6c866-a586-41f9-9cf7-92f7d32843a0,equis,#1906cc,
e1d6c866-a586-41f9-9cf7-92f7d32843a0,equis,#1906cc,D
e1d6c866-a586-41f9-9cf7-92f7d32843a0,equis,#1906cc,D
e1d6c866-a586-41f9-9cf7-92f7d32843a0,equis,#1906cc,D
e1d6c866-a586-41f9-9cf7-92f7d32843a0,equis,#1906cc,D
e1d6c866-a586-41f9-9cf7-92f7d32843a0,equis,#1906cc,D
e1d6c866-a586-41f9-9cf7-92f7d32843a0,equis,#1906cc,D
e1d6c866-a586-41f9-9cf7-92f7d32843a0,equis,#1906cc,DDDDDDDDDDDDDDDDDDDDDDDDD
e1d6c866-a586-41f9-9cf7-92f7d32843a0,equis,#1906cc,DD
e1d6c866-a586-41f9-9cf7-92f7d32843a0,equis,#1906cc,D
e1d6c866-a586-41f9-9cf7-92f7d32843a0,equis,#1906cc,D
e1d6c866-a586-41f9-9cf7-92f7d32843a0,equis,#1906cc,D
e1d6c866-a586-41f9-9cf7-92f7d32843a0,equis,#1906cc,D
e1d6c866-a586-41f9-9cf7-92f7d32843a0,equis,#1906cc,D
e1d6c866-a586-41f9-9cf7-92f7d32843a0,equis,#1906cc,D
e1d6c866-a586-41f9-9cf7-92f7d32843a0,equis,#1906cc,D
e1d6c866-a586-41f9-9cf7-92f7d32843a0,equis,#1906cc,DDDDDDDDDDDDDDDDDDDDDDDDDDDDDDDDDDDDDDDDDDDDDDDDDDDDDDDDDDDDDDDDDDDDDDDDDDDDDDDDDDDDDDDDDDDDDDDDDDDDDDDDDDDDDDDDDDDDDDDDDDDDDDDDDDDDDDDDDDDDDDDDDDDDDDDDDDDDDDDDDDDDDDDDDDDDDDDDDDDDDDDDDDD
e1d6c866-a586-41f9-9cf7-92f7d32843a0,equis,#1906cc,D
e1d6c866-a586-41f9-9cf7-92f7d32843a0,equis,#1906cc,D
e1d6c866-a586-41f9-9cf7-92f7d32843a0,equis,#1906cc,D
e1d6c866-a586-41f9-9cf7-92f7d32843a0,equis,#1906cc,D
e1d6c866-a586-41f9-9cf7-92f7d32843a0,equis,#1906cc,D
e1d6c866-a586-41f9-9cf7-92f7d32843a0,equis,#1906cc,
e1d6c866-a586-41f9-9cf7-92f7d32843a0,equis,#1906cc,D
e1d6c866-a586-41f9-9cf7-92f7d32843a0,equis,#1906cc,D
e1d6c866-a586-41f9-9cf7-92f7d32843a0,equis,#1906cc,D
e1d6c866-a586-41f9-9cf7-92f7d32843a0,equis,#1906cc,
e1d6c866-a586-41f9-9cf7-92f7d32843a0,equis,#1906cc,D
e1d6c866-a586-41f9-9cf7-92f7d32843a0,equis,#1906cc,D
e1d6c866-a586-41f9-9cf7-92f7d32843a0,equis,#1906cc,D
e1d6c866-a586-41f9-9cf7-92f7d32843a0,equis,#1906cc,D
e1d6c866-a586-41f9-9cf7-92f7d32843a0,equis,#1906cc,D
e1d6c866-a586-41f9-9cf7-92f7d32843a0,equis,#1906cc,DD
e1d6c866-a586-41f9-9cf7-92f7d32843a0,equis,#1906cc,D
e1d6c866-a586-41f9-9cf7-92f7d32843a0,equis,#1906cc,D
e1d6c866-a586-41f9-9cf7-92f7d32843a0,equis,#1906cc,D
e1d6c866-a586-41f9-9cf7-92f7d32843a0,equis,#1906cc,D
e1d6c866-a586-41f9-9cf7-92f7d32843a0,equis,#1906cc,
e1d6c866-a586-41f9-9cf7-92f7d32843a0,equis,#1906cc,D
e1d6c866-a586-41f9-9cf7-92f7d32843a0,equis,#1906cc,D
e1d6c866-a586-41f9-9cf7-92f7d32843a0,equis,#1906cc,
e1d6c866-a586-41f9-9cf7-92f7d32843a0,equis,#1906cc,D
e1d6c866-a586-41f9-9cf7-92f7d32843a0,equis,#1906cc,D
e1d6c866-a586-41f9-9cf7-92f7d32843a0,equis,#1906cc,DD
e1d6c866-a586-41f9-9cf7-92f7d32843a0,equis,#1906cc,DD
e1d6c866-a586-41f9-9cf7-92f7d32843a0,equis,#1906cc,
e1d6c866-a586-41f9-9cf7-92f7d32843a0,equis,#1906cc,DD
e1d6c866-a586-41f9-9cf7-92f7d32843a0,equis,#1906cc,
e1d6c866-a586-41f9-9cf7-92f7d32843a0,equis,#1906cc,DD
e1d6c866-a586-41f9-9cf7-92f7d32843a0,equis,#1906cc,D
e1d6c866-a586-41f9-9cf7-92f7d32843a0,equis,#1906cc,D
e1d6c866-a586-41f9-9cf7-92f7d32843a0,equis,#1906cc,D
e1d6c866-a586-41f9-9cf7-92f7d32843a0,equis,#1906cc,D
e1d6c866-a586-41f9-9cf7-92f7d32843a0,equis,#1906cc,D
e1d6c866-a586-41f9-9cf7-92f7d32843a0,equis,#1906cc,D
e1d6c866-a586-41f9-9cf7-92f7d32843a0,equis,#1906cc,D
e1d6c866-a586-41f9-9cf7-92f7d32843a0,equis,#1906cc,D
e1d6c866-a586-41f9-9cf7-92f7d32843a0,equis,#1906cc,D
e1d6c866-a586-41f9-9cf7-92f7d32843a0,equis,#1906cc,D
e1d6c866-a586-41f9-9cf7-92f7d32843a0,equis,#1906cc,D
e1d6c866-a586-41f9-9cf7-92f7d32843a0,equis,#1906cc,
e1d6c866-a586-41f9-9cf7-92f7d32843a0,equis,#1906cc,D
e1d6c866-a586-41f9-9cf7-92f7d32843a0,equis,#1906cc,DD
e1d6c866-a586-41f9-9cf7-92f7d32843a0,equis,#1906cc,
e1d6c866-a586-41f9-9cf7-92f7d32843a0,equis,#1906cc,D
e1d6c866-a586-41f9-9cf7-92f7d32843a0,equis,#1906cc,D
e1d6c866-a586-41f9-9cf7-92f7d32843a0,equis,#1906cc,DD
e1d6c866-a586-41f9-9cf7-92f7d32843a0,equis,#1906cc,
e1d6c866-a586-41f9-9cf7-92f7d32843a0,equis,#1906cc,DD
e1d6c866-a586-41f9-9cf7-92f7d32843a0,equis,#1906cc,
e1d6c866-a586-41f9-9cf7-92f7d32843a0,equis,#1906cc,D
e1d6c866-a586-41f9-9cf7-92f7d32843a0,equis,#1906cc,D
e1d6c866-a586-41f9-9cf7-92f7d32843a0,equis,#1906cc,D
e1d6c866-a586-41f9-9cf7-92f7d32843a0,equis,#1906cc,D
e1d6c866-a586-41f9-9cf7-92f7d32843a0,equis,#1906cc,DD
e1d6c866-a586-41f9-9cf7-92f7d32843a0,equis,#1906cc,
e1d6c866-a586-41f9-9cf7-92f7d32843a0,equis,#1906cc,DD
e1d6c866-a586-41f9-9cf7-92f7d32843a0,equis,#1906cc,D
e1d6c866-a586-41f9-9cf7-92f7d32843a0,equis,#1906cc,
e1d6c866-a586-41f9-9cf7-92f7d32843a0,equis,#1906cc,D
e1d6c866-a586-41f9-9cf7-92f7d32843a0,equis,#1906cc,DD
e1d6c866-a586-41f9-9cf7-92f7d32843a0,equis,#1906cc,
e1d6c866-a586-41f9-9cf7-92f7d32843a0,equis,#1906cc,DD
e1d6c866-a586-41f9-9cf7-92f7d32843a0,equis,#1906cc,D
e1d6c866-a586-41f9-9cf7-92f7d32843a0,equis,#1906cc,D
e1d6c866-a586-41f9-9cf7-92f7d32843a0,equis,#1906cc,D
e1d6c866-a586-41f9-9cf7-92f7d32843a0,equis,#1906cc,D
e1d6c866-a586-41f9-9cf7-92f7d32843a0,equis,#1906cc,D
e1d6c866-a586-41f9-9cf7-92f7d32843a0,equis,#1906cc,D
e1d6c866-a586-41f9-9cf7-92f7d32843a0,equis,#1906cc,D
e1d6c866-a586-41f9-9cf7-92f7d32843a0,equis,#1906cc,D
e1d6c866-a586-41f9-9cf7-92f7d32843a0,equis,#1906cc,D
e1d6c866-a586-41f9-9cf7-92f7d32843a0,equis,#1906cc,D
e1d6c866-a586-41f9-9cf7-92f7d32843a0,equis,#1906cc,D
e1d6c866-a586-41f9-9cf7-92f7d32843a0,equis,#1906cc,
e1d6c866-a586-41f9-9cf7-92f7d32843a0,equis,#1906cc,D
e1d6c866-a586-41f9-9cf7-92f7d32843a0,equis,#1906cc,D
e1d6c866-a586-41f9-9cf7-92f7d32843a0,equis,#1906cc,DD
e1d6c866-a586-41f9-9cf7-92f7d32843a0,equis,#1906cc,D
e1d6c866-a586-41f9-9cf7-92f7d32843a0,equis,#1906cc,D
e1d6c866-a586-41f9-9cf7-92f7d32843a0,equis,#1906cc,D
e1d6c866-a586-41f9-9cf7-92f7d32843a0,equis,#1906cc,D
e1d6c866-a586-41f9-9cf7-92f7d32843a0,equis,#1906cc,D
e1d6c866-a586-41f9-9cf7-92f7d32843a0,equis,#1906cc,D
e1d6c866-a586-41f9-9cf7-92f7d32843a0,equis,#1906cc,D
e1d6c866-a586-41f9-9cf7-92f7d32843a0,equis,#1906cc,D
e1d6c866-a586-41f9-9cf7-92f7d32843a0,equis,#1906cc,D
e1d6c866-a586-41f9-9cf7-92f7d32843a0,equis,#1906cc,D
e1d6c866-a586-41f9-9cf7-92f7d32843a0,equis,#1906cc,D
e1d6c866-a586-41f9-9cf7-92f7d32843a0,equis,#1906cc,hOLA CABRON
e1d6c866-a586-41f9-9cf7-92f7d32843a0,equis,#1906cc,EQUISDE
e1d6c866-a586-41f9-9cf7-92f7d32843a0,equis,#1906cc,DEDE
e1d6c866-a586-41f9-9cf7-92f7d32843a0,equis,#1906cc,DE
e1d6c866-a586-41f9-9cf7-92f7d32843a0,equis,#1906cc,DE
e1d6c866-a586-41f9-9cf7-92f7d32843a0,equis,#1906cc,DE
e1d6c866-a586-41f9-9cf7-92f7d32843a0,equis,#1906cc,DE
e1d6c866-a586-41f9-9cf7-92f7d32843a0,equis,#1906cc,DE
e1d6c866-a586-41f9-9cf7-92f7d32843a0,equis,#1906cc,DE
e1d6c866-a586-41f9-9cf7-92f7d32843a0,equis,#1906cc,DE
e1d6c866-a586-41f9-9cf7-92f7d32843a0,equis,#1906cc,DE
e1d6c866-a586-41f9-9cf7-92f7d32843a0,equis,#1906cc,DED
e1d6c866-a586-41f9-9cf7-92f7d32843a0,equis,#1906cc,ED
e1d6c866-a586-41f9-9cf7-92f7d32843a0,equis,#1906cc,ED
e1d6c866-a586-41f9-9cf7-92f7d32843a0,equis,#1906cc,EDE
e1d6c866-a586-41f9-9cf7-92f7d32843a0,equis,#1906cc,D
e1d6c866-a586-41f9-9cf7-92f7d32843a0,equis,#1906cc,ED
e1d6c866-a586-41f9-9cf7-92f7d32843a0,equis,#1906cc,ED
e1d6c866-a586-41f9-9cf7-92f7d32843a0,equis,#1906cc,ED
e1d6c866-a586-41f9-9cf7-92f7d32843a0,equis,#1906cc,D
e1d6c866-a586-41f9-9cf7-92f7d32843a0,equis,#1906cc,ED
e1d6c866-a586-41f9-9cf7-92f7d32843a0,equis,#1906cc,E
e1d6c866-a586-41f9-9cf7-92f7d32843a0,equis,#1906cc,EDDE
e1d6c866-a586-41f9-9cf7-92f7d32843a0,equis,#1906cc,ED
e1d6c866-a586-41f9-9cf7-92f7d32843a0,equis,#1906cc,D
e1d6c866-a586-41f9-9cf7-92f7d32843a0,equis,#1906cc,EED
e1d6c866-a586-41f9-9cf7-92f7d32843a0,equis,#1906cc,D
e1d6c866-a586-41f9-9cf7-92f7d32843a0,equis,#1906cc,EDE
e1d6c866-a586-41f9-9cf7-92f7d32843a0,equis,#1906cc,D
e1d6c866-a586-41f9-9cf7-92f7d32843a0,equis,#1906cc,E
e1d6c866-a586-41f9-9cf7-92f7d32843a0,equis,#1906cc,EDE
e1d6c866-a586-41f9-9cf7-92f7d32843a0,equis,#1906cc,DE
e1d6c866-a586-41f9-9cf7-92f7d32843a0,equis,#1906cc,DE
e1d6c866-a586-41f9-9cf7-92f7d32843a0,equis,#1906cc,D
e1d6c866-a586-41f9-9cf7-92f7d32843a0,equis,#1906cc,ED
e1d6c866-a586-41f9-9cf7-92f7d32843a0,equis,#1906cc,ED
e1d6c866-a586-41f9-9cf7-92f7d32843a0,equis,#1906cc,ED
e1d6c866-a586-41f9-9cf7-92f7d32843a0,equis,#1906cc,ED
e1d6c866-a586-41f9-9cf7-92f7d32843a0,equis,#1906cc,ED
e1d6c866-a586-41f9-9cf7-92f7d32843a0,equis,#1906cc,ED
e1d6c866-a586-41f9-9cf7-92f7d32843a0,equis,#1906cc,ED
e1d6c866-a586-41f9-9cf7-92f7d32843a0,equis,#1906cc,ED
e1d6c866-a586-41f9-9cf7-92f7d32843a0,equis,#1906cc,E
e1d6c866-a586-41f9-9cf7-92f7d32843a0,equis,#1906cc,ED
e1d6c866-a586-41f9-9cf7-92f7d32843a0,equis,#1906cc,ED
e1d6c866-a586-41f9-9cf7-92f7d32843a0,equis,#1906cc,ED
e1d6c866-a586-41f9-9cf7-92f7d32843a0,equis,#1906cc,ED
e1d6c866-a586-41f9-9cf7-92f7d32843a0,equis,#1906cc,DE
e1d6c866-a586-41f9-9cf7-92f7d32843a0,equis,#1906cc,ED
e1d6c866-a586-41f9-9cf7-92f7d32843a0,equis,#1906cc,ED
e1d6c866-a586-41f9-9cf7-92f7d32843a0,equis,#1906cc,ED
e1d6c866-a586-41f9-9cf7-92f7d32843a0,equis,#1906cc,E
e1d6c866-a586-41f9-9cf7-92f7d32843a0,equis,#1906cc,ED
e1d6c866-a586-41f9-9cf7-92f7d32843a0,equis,#1906cc,
e1d6c866-a586-41f9-9cf7-92f7d32843a0,equis,#1906cc,DEED
e1d6c866-a586-41f9-9cf7-92f7d32843a0,equis,#1906cc,ED
e1d6c866-a586-41f9-9cf7-92f7d32843a0,equis,#1906cc,ED
e1d6c866-a586-41f9-9cf7-92f7d32843a0,equis,#1906cc,ED
e1d6c866-a586-41f9-9cf7-92f7d32843a0,equis,#1906cc,ED
e1d6c866-a586-41f9-9cf7-92f7d32843a0,equis,#1906cc,DE
e1d6c866-a586-41f9-9cf7-92f7d32843a0,equis,#1906cc,ED
e1d6c866-a586-41f9-9cf7-92f7d32843a0,equis,#1906cc,
e1d6c866-a586-41f9-9cf7-92f7d32843a0,equis,#1906cc,ED
e1d6c866-a586-41f9-9cf7-92f7d32843a0,equis,#1906cc,ED
e1d6c866-a586-41f9-9cf7-92f7d32843a0,equis,#1906cc,ED
e1d6c866-a586-41f9-9cf7-92f7d32843a0,equis,#1906cc,ED
e1d6c866-a586-41f9-9cf7-92f7d32843a0,equis,#1906cc,ED
e1d6c866-a586-41f9-9cf7-92f7d32843a0,equis,#1906cc,E
e1d6c866-a586-41f9-9cf7-92f7d32843a0,equis,#1906cc,E
e1d6c866-a586-41f9-9cf7-92f7d32843a0,equis,#1906cc,DED
e1d6c866-a586-41f9-9cf7-92f7d32843a0,equis,#1906cc,ED
e1d6c866-a586-41f9-9cf7-92f7d32843a0,equis,#1906cc,E
e1d6c866-a586-41f9-9cf7-92f7d32843a0,equis,#1906cc,DED
e1d6c866-a586-41f9-9cf7-92f7d32843a0,equis,#1906cc,ED
e1d6c866-a586-41f9-9cf7-92f7d32843a0,equis,#1906cc,ED
e1d6c866-a586-41f9-9cf7-92f7d32843a0,equis,#1906cc,ED
e1d6c866-a586-41f9-9cf7-92f7d32843a0,equis,#1906cc,ED
e1d6c866-a586-41f9-9cf7-92f7d32843a0,equis,#1906cc,ED
e1d6c866-a586-41f9-9cf7-92f7d32843a0,equis,#1906cc,ED
e1d6c866-a586-41f9-9cf7-92f7d32843a0,equis,#1906cc,ED
e1d6c866-a586-41f9-9cf7-92f7d32843a0,equis,#1906cc,ED
e1d6c866-a586-41f9-9cf7-92f7d32843a0,equis,#1906cc,ED
e1d6c866-a586-41f9-9cf7-92f7d32843a0,equis,#1906cc,DE
e1d6c866-a586-41f9-9cf7-92f7d32843a0,equis,#1906cc,DEEDDE
e1d6c866-a586-41f9-9cf7-92f7d32843a0,equis,#1906cc,ED
e1d6c866-a586-41f9-9cf7-92f7d32843a0,equis,#1906cc,ED
e1d6c866-a586-41f9-9cf7-92f7d32843a0,equis,#1906cc,ED
e1d6c866-a586-41f9-9cf7-92f7d32843a0,equis,#1906cc,E
e1d6c866-a586-41f9-9cf7-92f7d32843a0,equis,#1906cc,D
e1d6c866-a586-41f9-9cf7-92f7d32843a0,equis,#1906cc,ED
e1d6c866-a586-41f9-9cf7-92f7d32843a0,equis,#1906cc,ED
e1d6c866-a586-41f9-9cf7-92f7d32843a0,equis,#1906cc,ED
e1d6c866-a586-41f9-9cf7-92f7d32843a0,equis,#1906cc,ED
e1d6c866-a586-41f9-9cf7-92f7d32843a0,equis,#1906cc,ED
e1d6c866-a586-41f9-9cf7-92f7d32843a0,equis,#1906cc,E
e1d6c866-a586-41f9-9cf7-92f7d32843a0,equis,#1906cc,ED
e1d6c866-a586-41f9-9cf7-92f7d32843a0,equis,#1906cc,ED
e1d6c866-a586-41f9-9cf7-92f7d32843a0,equis,#1906cc,ED
e1d6c866-a586-41f9-9cf7-92f7d32843a0,equis,#1906cc,ED
e1d6c866-a586-41f9-9cf7-92f7d32843a0,equis,#1906cc,
e1d6c866-a586-41f9-9cf7-92f7d32843a0,equis,#1906cc,ED
e1d6c866-a586-41f9-9cf7-92f7d32843a0,equis,#1906cc,ED
e1d6c866-a586-41f9-9cf7-92f7d32843a0,equis,#1906cc,ED
e1d6c866-a586-41f9-9cf7-92f7d32843a0,equis,#1906cc,ED
e1d6c866-a586-41f9-9cf7-92f7d32843a0,equis,#1906cc,EDED
e1d6c866-a586-41f9-9cf7-92f7d32843a0,equis,#1906cc,ED
e1d6c866-a586-41f9-9cf7-92f7d32843a0,equis,#1906cc,ED
e1d6c866-a586-41f9-9cf7-92f7d32843a0,equis,#1906cc,
e1d6c866-a586-41f9-9cf7-92f7d32843a0,equis,#1906cc,ED
e1d6c866-a586-41f9-9cf7-92f7d32843a0,equis,#1906cc,ED
e1d6c866-a586-41f9-9cf7-92f7d32843a0,equis,#1906cc,ED
e1d6c866-a586-41f9-9cf7-92f7d32843a0,equis,#1906cc,ED
e1d6c866-a586-41f9-9cf7-92f7d32843a0,equis,#1906cc,ED
e1d6c866-a586-41f9-9cf7-92f7d32843a0,equis,#1906cc,ED
e1d6c866-a586-41f9-9cf7-92f7d32843a0,equis,#1906cc,ED
e1d6c866-a586-41f9-9cf7-92f7d32843a0,equis,#1906cc,ED
e1d6c866-a586-41f9-9cf7-92f7d32843a0,equis,#1906cc,ED
e1d6c866-a586-41f9-9cf7-92f7d32843a0,equis,#1906cc,
e1d6c866-a586-41f9-9cf7-92f7d32843a0,equis,#1906cc,ED
e1d6c866-a586-41f9-9cf7-92f7d32843a0,equis,#1906cc,ED
e1d6c866-a586-41f9-9cf7-92f7d32843a0,equis,#1906cc,ED
e1d6c866-a586-41f9-9cf7-92f7d32843a0,equis,#1906cc,DE
e1d6c866-a586-41f9-9cf7-92f7d32843a0,equis,#1906cc,ED
